tenure_months,monthly_recharge,monthly_transactions,previous_loans,loan_amount,loan_default
39,12,13,0,138,1
52,88,171,4,379,1
29,7,94,4,164,1
15,20,149,1,254,1
43,34,112,2,120,1
8,27,55,3,177,1
21,96,81,2,490,1
39,9,168,4,477,1
58,88,116,3,151,0
19,69,143,2,365,1
23,34,180,0,206,1
11,25,108,1,480,1
11,88,53,2,118,0
24,74,128,2,385,1
53,26,180,0,88,1
36,86,158,4,399,1
40,76,161,1,170,0
24,36,57,2,448,1
3,37,52,3,28,0
22,20,137,2,136,1
53,80,182,1,214,0
2,42,111,2,38,0
24,18,1,0,454,1
44,40,44,2,463,1
30,27,75,2,216,1
38,70,98,3,473,1
2,89,9,0,289,1
21,6,32,0,160,1
33,95,15,2,249,0
12,77,140,3,275,1
58,69,185,2,191,0
22,79,136,2,114,0
44,71,72,1,434,1
25,56,155,1,442,1
49,66,190,3,410,1
27,27,12,4,449,1
59,30,65,1,245,1
42,72,107,4,182,1
28,86,42,0,167,0
16,59,190,1,181,1
15,10,115,1,467,1
47,39,139,3,320,1
51,26,103,4,412,1
44,47,171,1,166,1
55,19,95,1,267,1
52,90,17,3,173,0
57,64,160,3,156,0
3,16,85,4,400,1
37,53,168,0,163,1
51,46,151,0,472,1
7,42,56,2,376,1
21,86,134,1,47,0
9,49,86,4,140,1
39,39,178,1,367,1
18,34,102,4,264,1
4,92,165,4,217,1
25,34,192,4,459,1
14,82,54,1,104,0
50,10,177,3,357,1
58,71,115,1,336,1
9,84,139,4,487,1
26,11,88,2,180,1
53,56,49,0,259,1
2,18,149,4,199,1
20,77,115,2,208,0
28,19,194,3,493,1
47,25,63,4,230,1
7,39,104,2,33,0
44,70,83,4,253,1
8,95,103,1,432,1
47,6,156,2,333,1
35,39,17,1,137,1
14,86,6,1,102,0
17,82,147,2,309,1
36,24,184,0,142,1
50,86,28,2,64,0
40,14,194,0,486,1
4,29,38,4,167,1
2,70,119,4,38,1
6,29,37,2,419,1
54,58,115,4,220,1
42,37,68,3,163,1
4,40,177,1,302,1
54,99,43,1,484,1
29,18,164,0,231,1
18,69,58,4,124,1
26,84,13,0,446,1
44,58,52,1,167,0
34,56,58,1,268,1
10,7,32,4,260,1
36,45,105,3,131,0
14,10,188,3,308,1
31,29,83,4,272,1
48,17,186,4,390,1
15,12,99,0,58,1
8,25,104,4,386,1
14,72,184,3,338,1
23,29,28,4,306,1
57,83,129,0,371,1
40,72,170,0,86,0
21,49,48,0,472,1
16,64,40,0,447,1
45,16,97,2,136,1
18,36,191,4,206,1
47,96,114,1,230,0
53,17,132,4,492,1
24,35,166,2,100,0
26,82,155,0,420,1
25,24,137,2,17,0
45,22,111,3,41,0
41,97,144,3,477,1
29,64,184,4,329,1
15,67,76,4,403,1
45,10,31,1,278,1
1,36,119,1,200,1
25,97,142,3,358,1
7,47,25,0,172,1
9,6,34,2,70,1
24,64,67,1,447,1
1,27,152,1,273,1
44,87,118,0,294,1
8,35,73,0,104,0
24,9,26,4,50,1
11,87,148,2,423,1
51,38,192,0,479,1
17,14,104,1,158,1
8,93,10,1,213,0
35,6,67,3,276,1
35,15,152,0,11,0
33,54,5,4,187,1
59,35,195,2,434,1
5,60,186,4,203,1
42,83,27,1,491,1
39,77,113,4,396,1
58,91,15,1,345,1
41,87,163,1,444,1
28,13,105,1,205,1
7,25,181,1,352,1
9,77,44,1,258,1
8,32,26,3,221,1
12,66,175,4,162,1
34,11,162,3,167,1
33,84,95,3,475,1
48,20,178,0,371,1
55,8,84,0,148,1
23,8,140,0,230,1
24,44,132,2,282,1
37,21,87,0,163,1
35,56,176,4,258,1
44,97,183,3,288,0
40,56,112,4,449,1
22,40,129,0,445,1
27,42,89,2,313,1
35,54,66,2,285,1
1,67,158,3,11,0
35,67,131,4,97,1
37,66,122,1,296,1
47,11,149,4,420,1
14,31,84,0,139,1
3,96,177,1,87,0
1,90,116,2,269,0
5,18,190,3,250,1
26,75,116,3,150,0
55,90,38,2,237,0
14,9,143,0,172,1
39,59,110,2,245,1
27,6,180,0,137,1
9,66,46,1,209,1
15,95,25,2,459,1
15,25,21,0,399,1
26,83,121,1,40,0
42,25,122,2,147,1
13,14,133,3,30,0
51,91,70,2,243,0
32,62,113,4,211,1
39,43,107,2,288,1
49,9,112,4,140,1
52,69,108,1,425,1
32,17,47,2,157,1
4,89,196,1,467,1
30,94,91,1,38,0
37,89,18,0,370,1
23,57,149,1,317,1
39,86,104,1,380,1
45,49,151,2,439,1
15,36,192,2,171,1
43,40,195,3,366,1
29,85,40,0,349,1
36,64,138,1,70,0
13,15,89,0,134,1
32,67,180,4,465,1
7,25,61,1,80,1
59,56,192,0,335,1
51,59,5,3,404,1
22,30,122,3,373,1
28,72,181,1,475,1
2,38,55,4,252,1
42,56,37,3,499,1
45,86,56,3,258,0
57,97,187,4,230,1
53,56,102,0,482,1
6,33,93,3,456,1
28,42,197,2,30,0
28,46,73,3,396,1
44,25,59,0,91,1
44,46,2,0,353,1
20,17,193,1,376,1
30,68,104,2,495,1
11,21,188,0,19,0
58,13,51,4,420,1
55,45,30,2,21,0
28,5,11,2,272,1
25,6,108,4,154,1
39,64,76,3,458,1
33,52,167,4,201,1
1,33,90,4,259,1
57,14,123,3,123,1
27,62,191,3,35,0
57,64,192,3,280,1
52,25,189,3,42,0
13,32,125,3,71,0
41,79,182,4,238,1
3,38,122,1,312,1
39,12,94,1,104,1
6,63,103,0,44,0
8,90,186,1,202,0
27,76,184,1,465,1
9,53,162,4,85,1
37,83,31,3,388,1
33,21,52,3,258,1
51,64,89,4,92,1
42,91,76,1,34,0
44,92,129,4,66,1
24,49,183,0,41,0
15,87,22,3,328,1
59,73,40,2,21,0
54,36,101,0,328,1
32,48,111,0,342,1
32,69,129,4,101,1
24,91,65,1,10,0
41,12,191,3,444,1
52,81,182,2,335,1
49,76,170,0,145,0
49,91,149,2,205,0
58,47,79,1,142,1
52,5,22,1,482,1
12,55,166,2,95,0
39,28,99,3,485,1
2,28,8,1,304,1
3,21,190,2,288,1
49,9,175,0,333,1
37,24,17,2,189,1
49,25,17,2,13,0
56,62,90,4,135,1
17,35,141,1,184,1
59,15,145,3,260,1
49,56,166,3,30,0
2,19,81,4,494,1
2,87,78,3,449,1
28,11,173,2,114,1
54,32,6,4,75,1
23,55,163,0,452,1
37,62,110,1,272,1
32,9,14,1,58,1
33,9,72,1,25,0
1,98,189,2,154,0
19,12,143,0,349,1
2,68,54,4,259,1
53,14,27,4,352,1
44,42,13,1,363,1
26,96,159,0,84,0
32,85,163,0,299,1
6,99,60,0,426,1
32,12,6,3,291,1
55,29,197,3,75,0
4,77,58,1,134,0
55,70,49,0,328,1
11,83,151,0,96,0
56,54,162,4,50,1
59,71,26,4,479,1
17,53,47,1,195,1
38,40,5,0,363,1
24,72,20,1,389,1
5,82,134,4,344,1
52,45,198,4,275,1
34,93,59,3,280,1
6,66,192,1,51,0
22,14,146,1,102,1
11,25,132,0,194,1
48,40,17,0,224,1
16,16,14,3,26,0
33,95,13,2,453,1
9,6,135,2,274,1
59,17,128,2,123,1
6,57,44,1,301,1
16,36,119,1,466,1
29,99,143,4,473,1
3,20,19,1,301,1
20,36,63,1,57,0
59,36,163,1,316,1
36,15,81,3,106,1
19,14,163,1,384,1
26,19,147,0,104,1
3,21,148,0,335,1
19,44,100,4,83,1
20,22,163,3,345,1
32,59,160,0,77,0
7,77,122,3,255,1
52,29,176,3,415,1
41,63,44,4,86,1
33,82,104,3,217,0
40,93,152,1,381,1
39,26,61,3,263,1
18,34,125,4,230,1
40,88,145,4,271,1
1,89,71,4,419,1
11,48,107,0,340,1
28,36,50,1,353,1
57,55,65,0,486,1
25,50,99,2,268,1
50,25,32,1,317,1
23,36,164,3,83,0
31,98,141,4,134,1
30,43,198,2,197,1
42,16,58,1,263,1
35,51,128,0,456,1
7,22,142,4,330,1
16,25,165,0,317,1
26,17,112,1,244,1
48,25,68,1,483,1
57,12,40,2,259,1
52,50,187,3,341,1
49,11,144,0,407,1
2,27,190,2,354,1
1,79,132,4,81,1
48,90,173,3,244,0
12,26,90,2,333,1
5,93,28,0,165,0
37,26,96,1,464,1
32,96,194,4,403,1
59,33,31,0,124,1
55,17,3,3,322,1
9,86,136,3,237,0
41,6,24,1,331,1
35,33,15,1,355,1
19,89,171,4,254,1
48,83,159,4,315,1
16,56,45,1,23,0
3,31,194,1,25,0
20,54,8,3,447,1
24,99,71,1,436,1
54,83,108,2,51,0
56,27,115,0,474,1
33,92,103,1,119,0
24,48,125,4,287,1
52,81,57,2,333,1
11,26,30,4,28,1
49,47,146,2,75,0
8,41,114,1,176,1
36,65,197,0,82,0
38,60,117,4,412,1
40,7,167,2,409,1
20,67,60,3,319,1
35,23,98,1,418,1
48,27,171,0,121,1
25,33,126,1,283,1
35,34,173,3,416,1
25,43,151,0,382,1
29,29,197,3,94,1
18,12,94,1,148,1
46,62,134,2,48,0
18,20,184,1,114,1
2,76,122,1,333,1
54,5,108,1,290,1
35,9,4,4,456,1
16,7,93,3,489,1
41,69,151,3,423,1
36,8,6,3,438,1
33,68,32,4,132,1
4,93,106,2,227,0
33,14,146,1,386,1
14,25,15,2,70,0
21,50,168,4,109,1
48,95,122,3,316,1
20,31,96,1,363,1
56,70,6,0,402,1
8,45,112,0,213,1
7,17,120,2,267,1
3,13,123,3,495,1
17,40,191,0,14,0
33,90,67,2,455,1
48,94,106,4,206,1
12,62,139,2,189,1
59,58,43,2,351,1
51,16,145,2,142,1
22,85,96,1,452,1
55,82,132,2,333,1
22,18,191,2,262,1
46,38,196,1,274,1
30,57,81,1,102,0
38,24,41,4,159,1
38,79,133,3,420,1
45,20,160,0,147,1
51,99,198,0,217,0
54,74,35,2,499,1
8,60,22,4,134,1
27,87,193,2,243,0
27,62,150,0,70,0
34,8,112,1,316,1
21,8,11,3,275,1
30,24,3,4,143,1
33,14,137,1,327,1
28,28,60,3,122,1
47,30,76,4,398,1
33,41,87,4,387,1
5,89,14,0,463,1
48,58,18,1,200,1
19,25,113,4,388,1
4,78,73,4,449,1
35,42,23,3,196,1
49,50,83,0,328,1
17,8,125,2,376,1
44,64,175,0,98,0
28,61,69,2,196,1
30,49,47,1,316,1
29,24,116,1,443,1
46,21,30,4,141,1
53,75,25,1,369,1
6,8,156,4,132,1
35,97,112,0,57,0
41,18,25,1,297,1
37,7,74,0,385,1
24,92,58,0,188,0
29,84,94,1,189,0
49,62,119,0,108,0
46,59,127,1,339,1
53,8,169,1,43,1
31,28,25,1,429,1
35,38,78,2,79,0
33,34,99,0,180,1
52,86,116,3,375,1
21,23,48,1,281,1
32,35,10,0,68,0
23,64,99,4,190,1
33,64,11,1,28,0
3,23,85,1,235,1
18,53,149,3,482,1
25,67,173,2,104,0
42,87,135,2,378,1
31,26,192,1,306,1
54,28,126,0,90,1
58,80,64,4,184,1
3,34,2,4,231,1
40,62,76,0,112,0
46,35,121,1,63,0
24,68,42,4,192,1
50,23,54,2,360,1
32,52,75,0,412,1
47,49,16,3,327,1
22,98,18,1,364,1
23,59,187,0,358,1
2,59,90,4,452,1
27,22,144,1,330,1
42,67,6,2,77,0
2,96,185,1,37,0
26,51,108,1,283,1
17,79,175,2,291,1
40,61,48,2,369,1
33,49,42,1,412,1
9,37,76,2,320,1
43,21,188,0,128,1
54,74,77,2,389,1
48,8,132,2,450,1
39,24,130,1,143,1
29,51,59,0,138,0
42,95,155,3,17,0
55,19,27,3,490,1
26,74,79,4,60,1
35,51,72,2,350,1
50,82,7,2,481,1
25,79,191,0,290,1
24,13,111,3,184,1
13,94,119,4,192,1
58,20,174,0,201,1
7,73,63,2,258,1
57,65,124,3,244,1
36,14,12,4,92,1
45,54,141,1,102,0
20,7,43,3,382,1
1,81,17,4,403,1
8,98,63,0,321,1
46,74,120,1,277,1
16,85,36,4,426,1
14,55,8,4,129,1
12,23,69,2,80,1
51,46,90,3,26,0
23,39,36,2,262,1
15,50,28,1,454,1
28,30,118,4,131,1
34,73,93,2,389,1
2,97,175,3,19,0
32,68,76,1,296,1
23,41,101,0,325,1
22,88,158,2,335,1
51,53,151,1,282,1
25,25,144,0,315,1
58,78,14,2,302,1
22,68,71,1,219,1
58,9,180,1,455,1
58,74,124,2,227,1
22,94,125,1,250,0
49,8,37,4,383,1
52,43,29,2,473,1
42,39,195,1,209,1
6,5,143,0,225,1
15,28,175,0,214,1
54,61,174,4,422,1
43,74,180,2,425,1
37,45,19,1,225,1
33,58,106,1,89,0
8,50,21,0,276,1
53,64,64,4,489,1
44,64,165,0,399,1
44,61,27,0,388,1
5,35,55,4,44,1
39,88,29,2,298,1
4,28,148,1,27,0
6,93,25,2,174,0
45,40,70,3,22,0
32,89,63,3,211,0
52,34,164,3,238,1
30,28,130,4,355,1
47,34,150,0,375,1
35,90,16,2,474,1
55,96,146,1,457,1
40,11,197,3,10,0
52,39,182,2,328,1
16,59,100,3,226,1
13,96,30,3,43,0
50,18,45,1,368,1
42,14,19,4,275,1
30,84,34,0,137,0
19,20,141,4,221,1
17,58,171,2,272,1
56,99,62,4,321,1
19,93,118,2,89,0
28,81,100,2,174,0
58,74,22,0,422,1
55,48,180,1,261,1
26,77,180,0,21,0
37,49,111,4,410,1
26,60,164,2,313,1
53,88,73,3,221,0
23,86,147,3,291,1
9,61,38,2,121,0
12,25,70,0,220,1
53,72,116,1,387,1
1,54,79,0,248,1
58,37,185,2,277,1
58,95,148,2,414,1
1,11,9,1,307,1
47,74,32,4,326,1
34,19,132,4,67,1
32,86,50,1,447,1
54,36,82,4,43,1
48,79,5,3,272,1
25,24,148,4,374,1
40,92,87,4,44,1
45,19,126,4,280,1
53,52,75,3,458,1
1,75,165,4,483,1
16,25,22,3,236,1
39,46,186,1,34,0
5,30,68,0,243,1
22,18,44,1,68,1
29,61,34,0,260,1
55,41,77,1,344,1
3,62,42,0,95,0
12,25,137,0,260,1
26,86,106,2,399,1
16,73,95,0,189,0
51,7,135,0,216,1
37,91,68,2,353,1
22,94,147,4,158,1
57,41,159,4,80,1
29,92,128,2,130,0
14,53,163,3,262,1
28,23,185,0,102,1
5,93,85,0,265,0
47,89,189,2,263,0
49,16,159,2,361,1
30,65,83,3,297,1
46,45,95,4,318,1
52,37,181,1,68,0
5,54,32,4,78,1
12,72,66,0,455,1
16,75,187,2,397,1
26,90,116,3,95,0
26,37,138,4,283,1
48,85,130,3,236,0
21,28,194,4,90,1
39,65,60,0,123,0
36,65,17,1,193,0
33,32,96,3,289,1
30,62,144,3,331,1
37,47,16,1,406,1
23,45,46,3,327,1
58,43,167,3,63,0
10,90,159,4,408,1
54,53,107,4,206,1
5,21,88,1,396,1
36,74,129,0,302,1
34,74,139,3,302,1
52,69,119,0,494,1
31,78,85,1,396,1
10,89,4,1,456,1
58,9,71,4,300,1
19,6,154,3,189,1
58,26,111,2,480,1
32,61,50,1,389,1
1,70,140,3,421,1
56,78,95,0,231,0
5,20,92,4,283,1
45,55,65,0,387,1
4,43,47,1,253,1
16,90,181,1,429,1
24,80,106,0,426,1
16,92,199,1,457,1
55,44,130,3,163,1
2,42,106,1,313,1
49,64,24,4,433,1
28,63,4,3,282,1
32,14,108,2,433,1
27,68,19,1,144,0
20,67,154,1,322,1
24,53,40,4,17,1
12,68,50,4,137,1
50,36,171,0,382,1
35,11,75,0,65,1
33,25,195,0,135,1
33,24,12,4,168,1
51,30,195,0,68,0
43,72,27,0,67,0
37,90,113,2,149,0
12,19,182,0,185,1
3,89,194,1,424,1
1,83,49,4,117,1
33,90,144,3,220,0
40,96,130,2,456,1
10,18,60,4,83,1
43,31,182,4,176,1
44,44,30,1,469,1
29,62,84,0,413,1
13,32,166,1,366,1
12,30,28,0,313,1
31,67,25,0,242,1
46,70,96,4,336,1
2,29,125,0,381,1
51,7,10,2,191,1
50,76,188,2,131,0
35,48,42,2,343,1
23,46,40,4,212,1
17,10,77,1,464,1
26,43,105,3,38,0
8,56,118,0,211,1
29,27,42,3,102,1
26,93,47,1,338,1
10,54,165,1,365,1
26,47,22,4,185,1
34,23,185,2,339,1
51,73,107,2,220,1
41,55,27,1,193,1
7,15,41,4,104,1
4,16,80,4,282,1
58,78,162,0,146,0
53,12,160,2,246,1
50,28,89,1,362,1
45,96,66,3,427,1
11,45,12,2,438,1
29,40,168,0,481,1
56,89,73,4,274,1
36,76,76,1,144,0
25,59,90,2,153,0
21,13,10,3,28,0
57,51,96,0,240,1
36,19,176,0,143,1
10,52,20,2,123,0
37,86,39,3,148,0
9,46,60,0,134,0
24,64,66,1,213,1
35,88,65,0,70,0
49,74,179,3,259,1
35,16,124,4,307,1
48,6,164,4,22,1
36,11,152,2,405,1
18,84,155,3,264,1
49,7,130,0,94,1
39,7,159,0,467,1
32,31,57,4,29,1
24,44,78,4,59,1
23,37,194,1,173,1
32,96,29,4,101,1
37,5,15,1,97,1
12,12,12,0,78,1
49,36,101,1,46,0
55,52,156,1,262,1
13,8,84,2,261,1
23,98,125,4,149,1
25,74,103,1,364,1
35,23,24,0,390,1
41,36,149,3,177,1
30,13,138,1,63,1
17,16,110,4,395,1
49,15,78,2,187,1
20,50,101,0,306,1
48,20,146,2,310,1
25,5,142,3,368,1
22,67,162,1,115,0
13,25,128,1,146,1
59,34,58,4,199,1
19,17,76,1,137,1
49,38,150,0,351,1
36,8,198,3,56,1
12,32,36,2,14,0
41,99,173,3,469,1
19,63,164,1,266,1
12,31,22,2,309,1
9,73,127,4,159,1
7,29,80,3,303,1
28,7,189,2,252,1
14,72,100,2,284,1
31,29,184,2,217,1
52,24,96,0,424,1
19,38,161,3,124,1
58,30,173,2,204,1
47,9,164,3,352,1
16,65,148,2,179,0
53,96,18,4,388,1
5,97,38,4,91,1
35,13,195,4,163,1
12,54,151,1,150,0
25,10,109,2,323,1
52,87,123,1,155,0
59,64,144,3,332,1
21,48,187,1,131,0
36,15,197,3,261,1
53,70,196,3,352,1
23,51,149,3,396,1
16,77,104,1,320,1
57,89,198,2,98,0
39,92,140,1,484,1
45,90,144,2,67,0
53,7,81,2,72,1
42,80,87,3,356,1
58,96,142,1,317,1
39,34,61,2,496,1
14,94,199,4,482,1
31,25,46,2,391,1
58,32,32,4,289,1
5,94,15,1,81,0
35,66,44,1,18,0
23,37,145,1,375,1
29,89,169,2,430,1
43,39,54,0,103,0
11,56,44,2,382,1
18,38,98,2,348,1
47,45,5,3,446,1
12,55,109,3,345,1
9,51,27,2,161,1
10,86,116,4,414,1
58,62,87,3,365,1
44,79,104,2,49,0
17,61,123,0,368,1
38,27,79,4,71,1
7,52,43,1,263,1
46,26,97,2,463,1
13,21,31,2,78,1
40,73,99,4,407,1
42,15,17,3,254,1
9,98,83,3,374,1
50,19,110,3,179,1
27,95,182,1,187,0
58,39,190,4,198,1
2,37,32,4,269,1
5,88,168,3,81,0
29,20,141,3,481,1
37,38,35,0,468,1
38,70,133,0,26,0
19,44,29,2,379,1
8,32,70,2,350,1
48,51,153,4,66,1
45,43,95,4,227,1
1,74,22,1,116,0
22,77,194,1,313,1
52,24,173,0,437,1
17,5,69,2,182,1
7,76,89,0,228,0
25,91,72,0,473,1
45,67,129,2,256,1
4,71,172,1,227,1
36,8,87,2,382,1
6,62,96,3,426,1
31,29,75,3,40,0
19,51,167,3,377,1
44,42,54,4,56,1
54,19,88,1,143,1
39,67,157,1,117,0
27,25,54,4,81,1
10,61,16,0,336,1
26,57,99,3,427,1
19,50,20,3,117,0
39,18,46,0,318,1
3,80,195,2,407,1
45,21,193,2,281,1
13,43,127,1,180,1
50,13,58,4,125,1
28,81,181,1,338,1
58,83,111,2,83,0
20,86,129,0,265,1
28,10,81,1,90,1
8,95,194,3,277,0
41,27,157,3,137,1
39,63,84,0,335,1
1,95,70,2,412,1
3,50,8,3,244,1
13,42,29,3,50,0
28,18,112,4,190,1
57,76,179,1,166,0
49,66,161,2,463,1
25,39,131,1,68,0
56,23,188,2,354,1
33,34,163,3,258,1
38,82,197,4,201,1
53,88,108,1,33,0
6,29,109,3,482,1
58,44,20,2,409,1
44,92,73,1,445,1
45,18,167,1,89,1
32,30,4,3,143,1
45,91,19,1,430,1
47,26,102,4,222,1
21,52,173,4,397,1
16,87,171,3,491,1
54,55,141,2,357,1
21,7,141,3,175,1
11,46,188,4,434,1
37,23,185,0,357,1
36,77,86,0,346,1
35,32,52,1,407,1
19,88,111,1,80,0
20,49,181,0,223,1
57,75,109,4,444,1
18,82,86,1,74,0
47,67,43,3,230,1
41,77,42,3,317,1
49,23,90,4,488,1
14,51,115,1,295,1
15,18,26,3,194,1
31,42,151,1,216,1
1,57,43,1,475,1
53,65,77,3,108,0
54,40,156,0,251,1
54,44,137,3,167,1
3,85,20,4,107,1
16,34,184,2,51,0
23,13,39,3,148,1
57,68,179,1,292,1
11,37,12,1,417,1
12,56,183,3,236,1
10,93,11,2,432,1
32,18,154,3,81,1
16,79,42,2,252,1
8,57,155,2,27,0
38,63,11,4,86,1
12,82,38,1,54,0
24,98,98,1,481,1
28,45,171,2,380,1
53,72,19,1,352,1
8,72,192,0,149,0
58,96,134,2,186,0
28,12,174,1,231,1
36,6,116,0,424,1
26,90,113,4,101,1
8,45,170,1,31,0
58,59,65,0,181,1
50,20,99,3,101,1
28,97,72,3,201,0
28,66,187,0,86,0
37,52,52,2,290,1
41,34,118,2,373,1
36,16,175,1,188,1
27,39,120,3,247,1
54,15,7,2,144,1
17,68,11,2,374,1
9,54,103,3,399,1
33,89,61,4,289,1
53,25,68,2,28,0
20,73,153,0,92,0
13,52,140,1,237,1
28,24,154,2,380,1
48,71,102,2,274,1
29,48,110,4,121,1
13,37,140,0,260,1
46,77,171,1,173,0
35,65,51,2,367,1
6,13,117,1,177,1
18,72,165,3,230,1
51,39,46,2,417,1
5,85,53,2,313,1
47,92,88,3,200,0
25,69,121,4,334,1
2,12,13,2,446,1
10,49,89,1,447,1
56,91,125,0,179,0
30,51,118,1,384,1
50,44,54,4,54,1
59,80,185,0,390,1
45,58,116,1,483,1
5,80,118,1,23,0
55,50,4,3,240,1
56,51,75,4,166,1
33,19,49,3,143,1
54,23,7,0,400,1
1,30,110,3,46,0
18,56,122,4,62,1
32,97,11,2,27,0
47,26,92,2,480,1
49,25,182,0,47,0
11,55,173,2,196,1
21,42,23,3,394,1
26,24,28,0,205,1
25,33,111,4,252,1
22,55,57,0,309,1
59,8,26,0,312,1
27,59,153,1,44,0
49,75,54,1,224,0
13,96,29,0,228,0
33,32,97,2,325,1
34,8,164,1,99,1
41,26,14,4,317,1
35,80,78,3,261,1
1,49,35,1,17,0
21,71,30,0,265,1
48,90,92,2,372,1
55,70,17,3,217,1
6,92,195,1,434,1
28,38,158,2,140,1
17,95,93,2,233,0
5,59,173,2,206,1
31,5,79,0,477,1
5,76,110,4,151,1
38,91,179,2,261,0
3,42,102,3,105,0
53,10,106,1,35,1
23,90,47,3,120,0
37,29,181,0,463,1
53,86,64,0,132,0
37,21,166,3,195,1
10,65,64,4,493,1
10,16,87,0,177,1
19,10,7,0,60,1
17,94,22,3,388,1
21,31,81,0,14,0
14,12,169,4,86,1
9,87,74,4,169,1
46,69,138,4,217,1
1,61,185,1,266,1
51,97,135,4,214,1
45,44,125,4,264,1
13,18,50,1,447,1
4,39,52,2,20,0
1,52,161,0,446,1
49,88,1,4,17,1
40,60,181,0,418,1
32,53,188,3,433,1
34,17,162,0,41,0
28,65,4,1,481,1
31,53,145,0,37,0
8,50,132,0,215,1
39,66,171,0,396,1
26,12,4,2,237,1
58,47,1,2,137,0
34,24,71,3,264,1
54,94,178,1,484,1
54,43,189,0,221,1
3,89,35,0,248,0
59,53,8,0,216,1
50,68,152,0,327,1
12,66,36,2,292,1
1,58,178,3,254,1
54,13,123,4,54,1
44,92,43,1,114,0
5,41,27,0,357,1
30,53,32,3,290,1
30,45,78,4,243,1
59,21,121,3,198,1
57,92,146,2,53,0
17,25,156,4,234,1
48,55,157,3,439,1
47,63,16,2,151,0
23,43,99,3,145,1
15,59,47,3,185,1
37,45,187,4,151,1
21,43,31,2,458,1
14,17,4,0,89,1
2,68,165,1,91,0
11,15,17,4,144,1
51,23,39,2,216,1
39,15,48,3,353,1
38,81,174,2,186,0
34,50,176,1,392,1
38,49,39,1,252,1
50,5,132,0,64,1
34,44,30,0,150,1
18,23,158,1,466,1
30,80,22,4,449,1
15,76,66,4,65,1
27,76,108,3,24,0
51,65,12,0,194,0
34,16,36,3,323,1
52,65,18,0,428,1
57,37,90,1,97,0
38,49,181,4,106,1
33,94,199,4,153,1
24,96,1,1,17,0
15,73,127,3,486,1
30,12,186,3,224,1
55,29,90,2,182,1
42,95,87,0,232,0
51,50,90,3,49,0
17,91,134,1,191,0
5,34,70,3,279,1
29,51,44,4,196,1
4,91,152,0,254,0
10,53,86,2,487,1
56,51,19,0,318,1
17,88,101,4,240,1
10,86,146,4,392,1
17,22,95,4,164,1
20,70,101,4,184,1
24,72,30,1,345,1
5,98,170,2,124,0
34,37,33,4,399,1
6,40,12,4,320,1
53,86,118,3,490,1
2,23,94,2,309,1
13,32,155,0,27,0
43,44,167,2,281,1
43,88,137,2,21,0
48,80,149,2,413,1
11,19,76,4,310,1
51,45,29,4,201,1
47,43,161,1,241,1
57,6,190,0,452,1
23,67,117,3,102,0
55,33,15,2,487,1
16,78,2,0,227,0
31,70,180,0,287,1
11,55,117,1,362,1
54,79,172,3,496,1
16,81,182,2,312,1
8,14,18,3,38,0
4,18,3,1,479,1
40,86,135,4,310,1
4,55,171,0,86,0
56,77,166,2,18,0
25,43,165,4,33,1
3,32,186,1,24,0
32,7,161,3,173,1
3,88,108,0,22,0
27,74,187,2,356,1
29,31,95,4,181,1
32,6,122,4,366,1
50,97,11,0,336,1
58,42,68,3,209,1
51,7,123,1,494,1
19,20,196,3,498,1
21,98,113,3,471,1
5,44,98,3,387,1
18,6,93,0,85,1
28,85,22,0,173,0
42,45,194,1,381,1
22,16,172,3,70,1
21,39,127,0,497,1
6,69,134,1,474,1
1,59,170,1,433,1
5,49,25,3,254,1
41,83,185,2,486,1
12,94,85,3,391,1
26,89,55,2,164,0
46,66,144,1,266,1
34,53,95,0,253,1
49,99,142,4,171,1
14,29,167,1,77,0
26,27,156,0,353,1
45,28,179,1,286,1
27,42,119,3,170,1
9,32,177,2,400,1
26,25,9,1,458,1
57,58,186,0,498,1
47,22,173,3,268,1
57,40,150,4,316,1
22,49,160,3,344,1
47,77,197,2,104,0
56,57,197,3,447,1
30,34,42,4,473,1
43,64,53,0,467,1
48,36,187,1,255,1
17,71,74,2,230,1
26,71,39,4,132,1
36,32,122,2,196,1
1,48,15,3,271,1
8,83,199,2,422,1
49,45,157,4,282,1
35,67,123,1,382,1
52,27,111,1,69,0
15,79,131,2,415,1
47,52,83,0,417,1
56,36,10,2,134,1
22,61,92,3,346,1
14,37,29,1,350,1
26,28,35,1,60,0
28,43,6,1,187,1
23,38,140,0,148,1
14,60,111,0,449,1
24,32,38,4,336,1
2,41,77,2,179,1
45,11,93,2,48,1
26,72,147,3,78,0
14,41,67,1,245,1
59,60,136,0,57,0
56,69,8,3,390,1
51,69,122,3,66,0
7,51,84,0,286,1
3,24,175,2,347,1
47,23,132,1,108,1
23,33,179,2,413,1
46,78,85,3,24,0
43,64,195,1,334,1
47,22,45,4,470,1
45,96,136,3,188,0
18,39,87,2,341,1
58,47,16,2,71,0
38,99,77,2,128,0
35,95,195,0,478,1
51,15,9,3,46,1
15,53,60,1,143,0
25,42,78,2,464,1
55,68,77,2,35,0
37,73,71,0,499,1
28,12,15,1,17,0
10,38,71,3,466,1
39,52,102,4,484,1
57,60,169,0,13,0
17,80,22,3,30,0
39,69,152,4,424,1
22,35,113,2,158,1
26,8,172,2,497,1
44,54,1,1,34,0
25,73,10,4,496,1
17,34,110,2,152,1
13,92,184,2,254,0
20,63,113,1,428,1
25,71,50,3,442,1
4,79,12,2,52,0
10,49,89,0,434,1
3,8,188,0,302,1
41,30,154,3,194,1
45,31,112,4,51,1
18,50,78,1,440,1
47,68,169,0,101,0
36,95,164,0,326,1
47,55,121,3,407,1
22,54,23,4,333,1
34,10,171,4,62,1
47,63,134,3,93,0
8,19,197,0,43,0
40,34,171,1,85,0
49,46,25,0,362,1
44,41,18,4,417,1
19,46,190,0,413,1
42,39,141,1,206,1
41,91,43,2,495,1
37,10,78,0,295,1
6,72,28,3,97,0
52,22,146,2,244,1
26,77,59,3,241,1
34,33,188,3,16,0
59,81,63,3,301,1
56,63,185,0,47,0
59,51,92,4,473,1
45,21,179,2,61,0
6,26,56,1,152,1
37,72,155,4,439,1
57,73,160,0,416,1
33,41,111,3,405,1
53,53,137,1,230,1
22,17,68,2,437,1
21,38,46,4,249,1
6,90,67,4,152,1
6,57,154,1,358,1
55,91,136,0,372,1
48,55,6,2,391,1
4,7,24,1,58,1
30,46,176,3,286,1
11,36,94,2,280,1
30,55,173,4,23,1
31,89,13,1,307,1
24,50,197,4,473,1
55,25,25,4,24,1
9,48,148,4,243,1
55,15,118,0,72,1
3,72,82,4,205,1
51,5,111,3,36,1
31,96,82,3,480,1
40,67,66,2,102,0
37,28,45,4,114,1
36,17,114,4,318,1
24,15,175,1,61,1
31,55,63,0,328,1
6,21,76,2,466,1
2,86,114,4,190,1
20,90,111,1,66,0
28,28,183,0,129,1
11,23,147,2,317,1
4,41,35,2,372,1
15,89,53,4,52,1
6,12,26,2,144,1
54,32,14,1,382,1
49,9,118,2,435,1
30,21,45,3,269,1
56,40,172,1,206,1
38,23,193,0,142,1
51,68,51,0,468,1
57,95,171,4,264,1
2,15,119,4,498,1
15,58,151,3,229,1
11,49,184,0,345,1
8,51,19,0,50,0
26,16,82,0,487,1
51,25,76,0,397,1
45,15,183,2,264,1
44,96,92,1,11,0
5,9,188,1,204,1
6,85,187,3,251,0
26,60,33,2,158,0
54,24,147,0,207,1
4,45,28,0,308,1
19,50,123,4,254,1
20,16,180,4,347,1
33,74,126,3,117,0
20,21,177,0,462,1
49,23,37,3,402,1
12,30,154,2,221,1
47,52,99,1,165,1
1,56,98,0,35,0
26,74,127,2,91,0
14,59,168,0,92,0
38,79,80,4,140,1
37,37,38,3,338,1
11,66,77,4,109,1
36,92,126,1,265,0
13,27,87,4,488,1
43,19,54,0,58,1
3,31,150,4,410,1
33,79,16,0,72,0
6,68,28,1,320,1
50,85,163,4,416,1
56,55,188,3,299,1
10,57,173,3,114,0
5,82,46,3,114,0
23,95,72,4,334,1
10,86,183,4,24,1
44,96,85,4,184,1
2,55,26,0,268,1
13,51,85,1,220,1
40,8,153,3,421,1
2,11,65,0,268,1
20,39,134,3,111,0
1,52,151,0,269,1
37,77,115,4,353,1
9,76,64,3,168,0
17,49,87,4,54,1
9,85,171,3,452,1
11,85,107,2,310,1
15,76,151,0,260,1
24,23,96,2,340,1
38,67,158,0,174,0
55,42,77,1,202,1
35,71,146,3,18,0
30,63,87,1,410,1
31,73,149,1,383,1
49,17,57,0,74,1
5,51,103,2,396,1
44,65,151,4,291,1
50,35,91,0,190,1
14,84,45,4,424,1
53,26,172,1,291,1
56,97,88,4,288,1
11,90,115,2,39,0
9,47,47,0,275,1
34,71,168,2,337,1
12,58,179,2,226,1
35,14,170,0,329,1
35,46,135,2,415,1
1,68,50,3,408,1
40,25,176,3,388,1
22,84,84,3,114,0
29,80,91,4,193,1
8,70,134,2,339,1
11,45,91,0,157,1
41,28,137,0,114,1
37,39,109,4,56,1
14,60,57,0,96,0
30,34,31,3,318,1
35,61,21,2,446,1
21,98,90,0,138,0
37,51,40,0,267,1
5,39,112,1,323,1
19,23,45,1,156,1
59,12,77,1,455,1
14,30,177,2,471,1
26,75,87,3,81,0
4,34,148,3,495,1
25,11,101,3,149,1
45,71,117,2,419,1
42,69,92,2,36,0
25,40,145,1,38,0
18,29,28,0,280,1
40,41,169,4,183,1
8,5,194,4,262,1
39,19,25,0,394,1
40,41,58,1,69,0
14,17,41,0,116,1
32,12,134,0,229,1
51,9,75,4,450,1
38,64,38,1,268,1
33,77,134,2,380,1
23,5,173,4,155,1
15,40,75,2,61,0
33,39,142,1,69,0
25,70,66,0,43,0
17,67,168,3,105,0
33,27,3,3,486,1
47,13,117,1,98,1
55,38,99,3,325,1
2,50,152,2,419,1
14,82,19,3,240,0
53,8,146,1,465,1
40,34,192,1,284,1
40,99,116,2,255,0
51,79,125,3,120,0
39,76,88,3,243,1
51,7,35,0,287,1
6,18,190,4,486,1
6,64,1,1,426,1
3,81,153,0,175,0
7,49,173,1,137,0
51,38,177,0,246,1
8,49,126,4,300,1
42,65,89,0,116,0
52,87,144,1,137,0
15,20,147,3,204,1
47,70,151,1,348,1
29,44,25,2,403,1
33,21,16,2,484,1
52,38,182,2,152,1
30,20,73,2,404,1
39,64,129,4,120,1
27,70,42,3,99,0
36,70,147,3,260,1
29,94,162,1,289,1
38,17,80,0,342,1
57,60,104,1,233,1
33,35,183,1,110,1
37,38,146,1,141,1
27,43,34,1,22,0
55,71,89,3,466,1
33,12,125,0,450,1
4,91,45,1,107,0
22,82,134,3,129,0
2,59,21,1,302,1
10,31,122,2,313,1
5,97,70,1,208,0
59,57,96,1,10,0
10,43,105,4,69,1
33,69,48,2,259,1
54,21,39,0,149,1
38,34,31,1,158,1
13,57,10,0,404,1
31,17,30,2,53,1
47,25,18,1,380,1
36,23,188,4,195,1
45,57,88,3,117,0
24,23,125,4,53,1
52,61,73,4,87,1
56,29,15,3,235,1
15,90,4,3,171,0
29,35,191,3,290,1
8,85,168,1,262,1
5,59,9,0,141,0
29,27,109,0,457,1
47,36,137,3,381,1
4,66,154,4,384,1
12,78,132,2,483,1
45,14,16,3,153,1
2,76,143,4,275,1
27,58,99,4,118,1
31,56,121,1,203,1
51,24,52,1,44,0
51,36,69,0,476,1
36,18,5,0,399,1
36,54,20,2,284,1
26,32,79,2,196,1
43,57,146,2,446,1
27,28,111,2,252,1
5,83,2,4,273,1
20,26,93,4,471,1
11,34,13,0,19,0
10,67,4,1,460,1
40,8,170,1,175,1
38,81,109,3,38,0
6,63,74,4,280,1
8,91,189,2,96,0
23,12,95,2,32,0
47,86,105,3,219,0
26,16,8,1,55,1
46,35,67,2,476,1
43,82,191,1,37,0
12,38,110,3,35,0
26,86,9,1,275,1
13,79,117,1,184,0
40,80,11,1,13,0
18,53,99,2,320,1
25,83,42,0,331,1
33,61,141,4,76,1
47,99,164,1,144,0
40,97,120,1,64,0
43,30,141,1,473,1
12,22,12,0,40,0
44,90,37,3,83,0
36,42,74,2,28,0
48,85,73,0,165,0
4,91,52,1,346,1
5,92,199,0,165,0
56,54,130,0,156,0
37,12,56,0,494,1
8,45,60,3,96,0
42,10,23,4,29,1
49,73,103,2,278,1
28,48,40,3,342,1
31,68,64,3,52,0
58,33,85,4,404,1
9,32,151,3,441,1
54,15,157,0,408,1
51,69,179,0,410,1
29,23,197,1,447,1
14,13,89,3,315,1
40,31,31,1,37,0
41,38,178,2,476,1
22,48,20,0,269,1
11,72,183,2,31,0
23,86,130,4,479,1
1,19,153,0,384,1
46,55,13,2,110,0
37,17,122,4,48,1
21,87,103,2,299,1
26,53,106,4,362,1
46,74,119,4,309,1
36,60,70,0,179,0
54,80,195,1,305,1
23,55,186,4,362,1
57,41,99,4,405,1
1,21,82,0,139,1
54,62,75,1,165,0
55,91,118,3,83,0
51,94,84,3,351,1
40,33,192,1,474,1
15,37,69,2,99,0
21,64,59,0,76,0
47,95,188,1,464,1
9,93,126,3,245,0
53,59,111,4,209,1
9,14,62,3,477,1
10,51,144,4,341,1
52,27,128,0,236,1
57,89,105,4,474,1
53,25,68,1,357,1
26,17,15,4,242,1
41,37,183,2,275,1
35,28,35,1,95,1
52,15,183,0,111,1
25,21,14,1,450,1
26,72,177,2,490,1
11,51,102,0,223,1
38,29,100,3,117,1
2,98,7,2,174,0
7,77,30,0,470,1
18,25,49,4,100,1
27,88,144,1,201,0
34,87,111,0,344,1
27,87,179,1,95,0
17,16,72,4,231,1
43,41,80,0,372,1
59,46,83,3,433,1
44,21,42,2,110,1
59,52,17,0,235,1
51,32,191,4,373,1
54,45,173,0,69,0
24,51,7,1,491,1
25,22,155,0,259,1
7,82,10,3,57,0
52,75,34,0,126,0
6,17,36,2,236,1
53,86,153,0,371,1
24,17,6,1,412,1
33,35,152,0,465,1
49,6,146,3,496,1
29,20,134,4,42,1
43,13,29,0,53,1
22,77,126,0,485,1
26,42,153,2,174,1
28,79,183,3,377,1
50,58,81,4,354,1
21,60,174,1,301,1
49,90,152,0,346,1
7,91,75,4,353,1
17,49,26,1,414,1
20,38,127,3,395,1
41,13,115,3,296,1
49,92,126,4,373,1
20,12,28,1,234,1
54,11,131,3,295,1
22,40,75,4,213,1
28,22,166,3,181,1
40,7,189,3,21,0
49,32,78,3,316,1
7,74,179,2,130,0
1,48,90,1,442,1
32,25,176,4,253,1
13,32,21,4,161,1
30,58,54,1,161,0
23,58,184,1,197,1
51,69,103,1,404,1
59,25,59,1,22,0
56,17,72,0,100,1
19,61,179,4,209,1
32,53,20,0,83,0
30,58,112,3,265,1
29,14,59,3,465,1
49,57,71,4,457,1
45,48,137,3,285,1
29,51,109,1,337,1
30,57,129,0,338,1
16,78,157,1,80,0
40,50,191,3,87,0
19,17,56,0,293,1
18,41,196,1,139,1
1,28,35,4,386,1
14,6,123,1,52,1
51,90,131,3,17,0
47,85,104,0,22,0
50,18,7,4,222,1
2,14,27,0,120,1
54,39,1,4,485,1
28,29,199,0,300,1
49,7,172,3,32,1
50,21,87,4,311,1
30,16,41,2,263,1
38,58,123,0,24,0
51,28,75,0,139,1
4,33,42,1,70,0
1,47,117,4,124,1
8,29,161,2,469,1
29,64,178,3,329,1
55,94,63,1,317,1
39,69,165,2,429,1
3,88,187,4,460,1
32,32,127,2,334,1
10,20,176,0,76,1
10,51,133,0,258,1
19,85,48,1,184,0
46,96,3,4,348,1
34,62,116,4,11,1
33,80,175,2,181,0
23,31,190,1,494,1
55,57,99,4,457,1
28,46,116,0,474,1
32,63,14,2,343,1
50,51,191,3,293,1
7,98,112,0,484,1
29,38,61,1,63,0
8,41,159,4,467,1
1,10,95,0,76,1
57,11,17,3,429,1
55,29,124,3,111,1
3,37,24,1,129,1
24,59,116,0,200,1
23,62,151,2,418,1
59,11,82,0,479,1
8,61,50,3,313,1
54,16,79,1,432,1
57,20,79,1,56,0
47,84,70,2,231,0
37,47,27,1,30,0
3,81,15,1,167,0
51,11,50,1,357,1
33,55,36,1,168,1
28,77,8,1,386,1
47,36,79,3,381,1
8,79,131,0,419,1
34,12,190,4,244,1
35,91,47,1,159,0
32,93,105,4,414,1
24,76,98,4,266,1
14,49,96,3,174,1
32,90,189,1,86,0
56,63,160,4,94,1
46,8,116,1,55,1
43,71,13,2,402,1
16,33,1,2,410,1
4,33,34,2,56,0
52,32,190,4,222,1
37,81,79,2,488,1
54,83,78,3,496,1
21,91,121,3,68,0
14,48,93,4,63,1
31,94,98,1,351,1
55,8,82,0,21,0
48,94,199,1,201,0
18,13,159,1,15,0
7,9,192,1,318,1
10,60,153,1,153,0
7,88,38,0,355,1
33,54,14,2,270,1
23,79,136,1,82,0
21,19,91,3,183,1
19,36,54,4,241,1
48,32,130,4,279,1
19,26,101,3,437,1
36,21,89,1,456,1
29,63,56,0,371,1
18,94,94,2,231,0
2,75,93,4,61,1
1,61,84,2,125,0
47,30,85,0,35,0
5,29,189,4,62,1
20,14,22,2,374,1
11,49,35,0,38,0
42,87,16,2,28,0
2,15,50,1,312,1
3,81,122,0,401,1
23,57,128,2,288,1
55,76,113,1,126,0
12,72,171,1,115,0
20,99,17,0,428,1
5,32,80,3,488,1
37,79,186,4,318,1
38,69,130,0,236,1
30,53,132,1,361,1
9,51,85,1,195,1
34,56,167,0,270,1
53,92,94,3,25,0
44,58,134,4,282,1
35,64,81,2,169,0
52,61,69,0,367,1
58,51,69,4,259,1
22,35,148,4,233,1
44,50,192,1,265,1
24,30,16,2,189,1
17,9,51,0,29,1
10,88,105,1,121,0
30,56,165,1,129,0
56,79,197,3,203,0
59,58,170,4,477,1
46,37,185,0,120,1
23,54,66,0,219,1
32,42,9,0,10,0
17,31,107,1,67,0
50,19,100,3,102,1
51,65,86,2,230,1
17,25,64,1,220,1
14,50,22,2,437,1
9,73,162,3,241,1
40,10,183,4,271,1
2,42,157,0,373,1
45,66,166,2,112,0
25,90,110,1,59,0
39,66,97,2,383,1
9,86,18,4,119,1
54,82,71,0,465,1
22,78,193,2,97,0
43,50,127,4,29,1
46,17,97,1,23,0
4,99,1,3,142,0
26,98,132,1,434,1
58,7,4,0,305,1
29,98,125,1,43,0
45,10,82,1,389,1
34,97,27,1,217,0
23,12,171,1,310,1
37,48,59,0,208,1
11,37,32,4,89,1
6,85,161,2,80,0
18,79,28,3,164,0
21,81,106,2,87,0
42,54,105,2,87,0
36,15,183,3,181,1
41,99,188,0,298,1
38,32,70,3,42,0
34,74,62,0,309,1
17,45,34,2,285,1
37,20,87,0,376,1
25,72,114,4,429,1
38,52,106,3,16,0
58,60,56,4,169,1
12,68,113,2,249,1
23,63,13,3,460,1
53,94,184,2,432,1
42,66,18,4,486,1
22,80,182,2,33,0
21,15,113,3,223,1
27,93,171,3,79,0
57,22,39,2,377,1
31,23,189,3,225,1
6,91,170,3,113,0
27,59,79,2,224,1
40,86,146,4,63,1
34,30,151,3,303,1
12,10,182,3,339,1
45,8,30,3,345,1
57,33,98,3,212,1
53,63,58,2,297,1
7,21,196,4,54,1
10,47,67,4,326,1
45,84,71,0,207,0
17,70,146,3,225,1
26,38,106,3,490,1
21,12,7,0,318,1
28,17,40,4,393,1
58,12,70,1,444,1
46,98,193,1,341,1
2,98,68,4,193,1
54,69,49,3,36,0
43,47,52,1,175,1
1,43,114,2,327,1
51,85,107,2,283,1
53,63,29,0,392,1
36,88,149,4,374,1
51,92,78,4,112,1
26,90,9,1,457,1
29,97,175,3,342,1
21,90,76,4,382,1
11,48,42,1,113,0
40,13,179,1,423,1
11,41,184,4,254,1
36,78,179,1,314,1
49,40,198,0,178,1
59,96,128,0,125,0
39,32,20,4,150,1
40,46,155,3,427,1
35,47,166,0,365,1
54,89,72,0,487,1
34,92,65,4,134,1
55,46,182,2,34,0
47,70,113,1,203,0
24,59,24,0,393,1
54,76,128,2,109,0
22,52,175,3,411,1
5,95,199,2,14,0
56,26,83,4,28,1
33,31,63,3,179,1
58,97,185,3,283,0
36,71,183,2,263,1
47,17,60,4,130,1
20,49,99,0,41,0
19,14,62,2,158,1
35,13,30,0,275,1
52,58,22,2,46,0
43,31,126,0,186,1
17,38,157,2,351,1
59,5,169,3,22,1
45,36,42,1,192,1
43,93,98,3,154,0
34,97,193,0,274,0
9,75,31,4,97,1
26,71,158,3,437,1
2,88,112,1,471,1
53,24,146,0,55,0
9,98,122,3,401,1
9,39,17,2,128,1
40,95,38,4,430,1
17,94,142,0,28,0
1,82,110,3,456,1
25,21,184,0,229,1
43,22,22,2,439,1
40,49,195,1,242,1
42,97,56,3,103,0
25,88,119,0,464,1
39,57,147,0,260,1
35,95,57,0,259,0
3,86,172,1,291,1
50,72,35,0,241,1
37,69,114,4,55,1
44,5,125,4,383,1
44,62,129,0,55,0
51,30,52,4,468,1
30,24,85,3,23,0
38,91,198,4,94,1
34,14,165,0,328,1
12,63,65,2,337,1
19,79,179,3,12,0
37,45,129,1,37,0
44,9,21,0,390,1
59,69,181,1,166,0
59,21,16,2,352,1
49,26,123,1,411,1
17,45,61,0,428,1
10,97,54,0,342,1
57,72,168,2,341,1
55,73,26,0,184,0
49,15,80,2,123,1
47,60,65,2,398,1
12,55,100,0,496,1
16,25,74,4,340,1
24,80,192,2,259,1
19,30,171,0,68,0
8,23,17,4,212,1
31,64,121,2,324,1
21,75,187,4,248,1
17,51,23,3,243,1
23,75,135,3,312,1
37,30,172,4,104,1
54,44,181,2,488,1
16,9,71,0,150,1
6,25,108,1,343,1
8,82,79,0,122,0
25,8,162,1,118,1
18,27,46,1,371,1
25,88,196,2,354,1
12,19,78,4,298,1
15,97,16,0,106,0
59,12,71,4,455,1
26,45,96,3,344,1
41,23,147,2,25,0
45,50,2,2,53,0
26,32,10,3,451,1
47,95,178,0,385,1
32,72,125,3,239,1
10,19,81,0,399,1
16,41,140,1,117,0
7,5,70,2,226,1
17,71,150,0,408,1
23,28,32,4,269,1
26,31,105,4,321,1
21,44,84,2,329,1
22,67,129,3,205,1
58,65,182,3,487,1
7,40,58,0,427,1
14,97,198,3,484,1
15,28,146,2,104,1
53,28,134,0,65,0
7,8,45,1,41,1
9,71,97,3,240,1
51,38,23,3,381,1
48,61,23,0,18,0
8,53,154,4,200,1
50,91,135,3,370,1
59,57,79,2,209,1
23,27,44,3,343,1
29,73,27,1,170,0
18,99,26,3,96,0
31,57,97,4,30,1
30,66,36,3,320,1
52,45,109,0,85,0
39,61,55,3,450,1
35,64,192,4,395,1
18,58,185,0,150,0
59,74,69,2,135,0
42,61,61,0,260,1
39,14,130,1,397,1
17,44,55,0,93,0
14,11,122,2,443,1
31,42,97,3,380,1
24,89,80,0,57,0
35,65,87,0,388,1
44,88,38,0,87,0
45,7,119,0,39,1
34,55,78,2,294,1
3,90,157,4,145,1
37,51,154,4,149,1
43,72,35,0,50,0
40,96,79,2,495,1
26,80,67,2,291,1
55,42,87,0,59,0
23,40,157,1,267,1
44,45,34,0,320,1
39,73,97,1,369,1
15,17,169,0,449,1
56,91,169,1,279,1
49,62,151,1,143,0
4,54,71,0,243,1
29,34,3,1,137,1
22,66,58,3,113,0
25,29,32,4,263,1
13,31,31,2,104,1
18,55,82,1,346,1
33,82,43,1,226,0
16,61,135,2,70,0
45,51,105,1,489,1
42,43,1,2,277,1
44,20,61,0,250,1
2,26,14,3,22,0
55,89,180,3,156,0
35,58,6,4,437,1
42,25,103,1,249,1
34,76,10,4,98,1
30,20,71,0,104,1
59,63,90,3,324,1
55,35,158,0,302,1
13,46,149,0,34,0
13,78,126,1,281,1
18,36,188,0,175,1
32,63,97,3,436,1
32,38,74,4,259,1
35,13,115,3,96,1
59,85,191,1,151,0
39,15,170,3,143,1
46,14,51,2,482,1
52,90,192,4,288,1
29,21,56,2,135,1
49,72,41,2,325,1
29,52,32,1,405,1
53,56,15,0,150,0
44,29,62,2,365,1
57,25,155,3,112,1
16,69,28,0,235,1
56,67,64,3,399,1
44,93,187,3,72,0
47,55,186,0,303,1
57,40,130,0,393,1
10,85,127,3,315,1
30,92,36,1,263,0
25,70,114,4,189,1
39,19,199,4,49,1
20,43,13,1,273,1
5,74,15,0,198,0
1,5,89,3,17,1
30,27,188,4,113,1
49,43,22,3,234,1
3,61,191,1,43,0
45,85,74,3,245,0
14,38,25,1,472,1
56,45,101,0,237,1
30,97,176,1,197,0
50,77,171,1,322,1
4,17,117,4,492,1
18,74,166,3,439,1
37,10,41,4,31,1
25,88,173,2,352,1
48,56,88,1,49,0
1,7,168,2,182,1
53,85,110,4,448,1
46,67,120,3,188,0
15,53,97,4,95,1
9,80,145,3,142,0
15,51,57,3,360,1
49,59,130,0,22,0
57,68,96,1,37,0
24,69,121,4,93,1
4,85,62,3,490,1
12,71,137,4,473,1
59,94,68,4,327,1
58,19,81,3,358,1
37,36,17,2,352,1
37,72,117,1,289,1
43,22,50,1,363,1
6,87,112,0,272,1
39,47,94,0,175,1
56,39,168,0,302,1
46,82,186,1,77,0
24,62,85,2,235,1
11,37,149,1,179,1
13,18,146,1,95,1
34,38,183,1,142,1
25,65,157,1,457,1
7,8,152,2,187,1
52,92,74,0,499,1
4,63,109,4,352,1
59,33,145,0,261,1
8,87,18,0,24,0
20,10,42,4,232,1
29,53,101,1,388,1
54,44,45,2,210,1
53,87,82,2,116,0
51,69,17,0,259,1
45,73,73,4,446,1
46,31,14,3,418,1
10,84,177,1,98,0
43,10,157,0,134,1
34,17,132,2,122,1
57,68,82,4,478,1
26,66,148,4,146,1
41,23,120,0,256,1
49,80,120,3,175,0
58,84,47,2,159,0
3,47,107,0,372,1
56,78,108,3,352,1
6,93,9,4,442,1
5,24,79,1,77,1
5,99,155,2,230,0
54,72,15,2,280,1
47,48,19,3,330,1
23,27,90,0,319,1
49,6,180,4,423,1
9,26,26,3,358,1
35,61,154,1,29,0
20,76,154,1,298,1
58,11,174,1,498,1
49,82,92,3,109,0
59,60,177,4,261,1
42,71,82,2,479,1
35,20,181,0,86,1
50,87,131,2,144,0
18,55,194,4,401,1
17,86,42,2,421,1
24,84,19,3,182,0
3,76,17,1,372,1
32,16,161,4,210,1
35,57,76,4,226,1
38,79,177,2,385,1
13,9,184,3,217,1
56,31,63,2,83,0
47,16,131,2,20,0
25,21,107,4,296,1
9,10,49,2,265,1
4,9,55,1,21,0
14,61,154,2,389,1
37,32,99,1,488,1
34,82,52,4,87,1
11,73,100,3,444,1
41,63,117,1,181,0
56,37,118,3,105,0
3,66,7,3,315,1
59,54,46,1,382,1
28,23,46,4,282,1
29,90,100,0,428,1
9,73,144,3,394,1
3,70,152,3,422,1
25,98,189,4,188,1
34,51,54,4,73,1
12,43,62,2,141,1
42,72,129,4,352,1
9,37,49,3,421,1
15,17,25,1,281,1
40,88,10,0,328,1
25,58,118,2,341,1
5,11,144,1,446,1
11,83,186,0,350,1
59,91,157,0,118,0
34,18,92,0,282,1
24,91,134,1,177,0
15,23,144,2,406,1
38,58,148,2,189,1
8,97,80,0,67,0
59,24,71,1,489,1
5,33,78,0,430,1
48,28,43,4,88,1
26,86,154,2,469,1
18,67,90,3,70,0
6,78,78,0,378,1
37,61,199,4,130,1
48,12,161,2,216,1
13,94,26,1,43,0
28,66,121,2,79,0
5,33,45,1,26,0
13,78,63,1,29,0
17,21,195,0,466,1
50,70,180,0,324,1
40,10,68,2,78,1
45,62,154,4,224,1
32,73,2,2,170,0
29,32,142,3,111,1
51,66,108,1,385,1
58,45,30,1,215,1
3,73,49,0,154,0
56,86,140,4,66,1
40,94,44,0,92,0
34,88,161,3,490,1
40,45,13,2,394,1
27,53,78,2,278,1
13,95,126,4,420,1
45,53,98,0,463,1
33,80,26,0,196,0
6,75,149,3,15,0
24,7,156,2,362,1
19,14,48,0,359,1
16,93,168,4,119,1
40,39,66,2,492,1
28,84,87,3,416,1
33,6,79,4,147,1
59,28,23,1,60,0
59,78,81,3,412,1
48,42,48,4,60,1
41,26,124,0,485,1
13,30,130,1,96,1
43,47,84,3,77,0
45,59,20,0,93,0
25,43,187,1,476,1
53,95,46,2,51,0
42,33,131,0,228,1
36,24,183,4,66,1
27,95,12,3,235,0
38,45,40,1,205,1
7,58,66,0,257,1
5,24,100,2,175,1
43,23,78,3,71,1
45,88,16,3,272,1
58,70,83,0,121,0
57,34,162,2,262,1
51,57,44,1,208,1
31,38,134,0,187,1
23,26,192,1,445,1
42,71,100,3,35,0
10,10,22,1,419,1
32,83,18,2,255,1
43,31,12,4,28,1
53,14,180,2,274,1
30,77,123,1,326,1
39,52,117,0,29,0
31,74,51,3,115,0
18,63,71,4,246,1
36,63,48,0,315,1
2,6,19,0,473,1
14,33,6,2,255,1
13,72,84,1,90,0
29,69,155,2,159,0
12,87,53,1,406,1
39,30,107,2,405,1
2,93,101,0,19,0
32,14,48,3,330,1
13,57,135,1,233,1
46,83,187,4,423,1
27,63,69,4,273,1
49,26,11,0,158,1
41,55,143,2,287,1
17,52,192,2,283,1
40,25,131,0,203,1
31,26,122,4,441,1
34,34,69,4,181,1
24,29,23,2,274,1
45,32,181,1,460,1
35,69,37,3,319,1
48,49,9,1,35,0
6,72,15,4,478,1
19,11,131,1,359,1
30,53,93,3,485,1
7,13,198,1,365,1
10,40,17,1,35,0
41,87,154,1,43,0
32,5,149,1,273,1
34,14,72,0,147,1
28,40,149,4,313,1
15,77,121,3,192,0
30,50,11,4,372,1
37,36,166,0,251,1
29,36,72,0,63,0
22,10,106,0,471,1
4,52,125,0,177,1
20,42,35,1,128,1
32,21,119,4,152,1
36,78,14,2,90,0
50,31,14,3,254,1
4,58,10,0,411,1
27,54,140,4,361,1
17,39,38,0,367,1
12,89,108,0,416,1
22,29,119,0,71,0
17,32,34,0,55,0
10,19,169,0,96,1
54,8,10,3,108,1
1,97,122,4,304,1
22,77,145,0,408,1
26,31,145,0,62,0
56,30,195,0,481,1
59,23,190,0,201,1
18,96,115,1,456,1
50,21,1,1,485,1
14,47,12,2,89,0
47,45,103,0,25,0
29,46,4,2,369,1
12,54,170,3,496,1
36,88,141,2,335,1
59,44,98,4,203,1
35,43,106,1,150,1
52,27,85,1,117,1
12,56,121,0,312,1
7,51,132,0,274,1
29,67,82,3,456,1
11,73,197,3,299,1
33,47,19,4,218,1
6,52,130,0,484,1
47,38,12,0,422,1
15,44,81,3,174,1
32,79,74,3,436,1
51,65,98,3,351,1
11,54,6,1,380,1
58,71,136,2,329,1
23,66,125,2,161,0
26,62,51,0,464,1
34,37,11,1,299,1
46,79,191,3,441,1
34,20,185,0,277,1
29,86,127,1,160,0
4,98,140,4,216,1
17,52,73,1,264,1
35,14,2,0,362,1
13,86,8,2,386,1
41,42,139,3,150,1
39,23,124,4,352,1
15,40,53,1,367,1
55,63,10,0,105,0
29,67,112,0,438,1
29,81,8,3,379,1
11,50,36,0,236,1
52,7,106,0,202,1
32,78,14,3,312,1
2,69,182,4,323,1
47,95,86,2,398,1
14,12,149,2,386,1
20,55,50,1,470,1
22,85,167,4,127,1
11,77,20,1,14,0
27,10,87,2,453,1
3,93,135,3,361,1
17,43,137,0,252,1
44,64,129,2,30,0
56,32,154,4,161,1
28,58,166,2,137,0
29,41,38,4,133,1
21,13,189,4,155,1
47,86,44,4,286,1
16,60,86,1,319,1
37,63,44,3,403,1
59,89,74,2,161,0
20,6,119,3,369,1
6,65,190,0,120,0
19,62,122,2,478,1
57,64,134,3,482,1
5,44,145,3,125,0
3,40,51,0,197,1
59,41,38,4,66,1
1,83,152,2,260,1
58,96,51,2,393,1
38,22,10,0,416,1
15,67,120,4,159,1
34,26,149,2,461,1
35,15,70,2,171,1
49,62,85,2,129,0
25,61,57,4,79,1
24,81,126,0,421,1
12,8,39,2,360,1
18,90,33,3,108,0
15,11,187,4,176,1
44,65,18,1,307,1
16,58,184,0,160,0
27,92,57,3,335,1
8,72,96,2,473,1
46,96,48,1,11,0
25,83,42,0,161,0
17,5,27,4,410,1
29,59,74,1,374,1
53,7,110,1,74,1
8,82,180,3,335,1
15,42,170,0,78,0
27,5,32,3,130,1
46,42,26,3,118,0
50,89,25,2,325,1
52,33,75,4,256,1
7,9,23,1,443,1
3,78,57,0,102,0
29,96,180,4,277,1
44,25,126,4,112,1
53,75,87,0,440,1
24,71,31,4,460,1
58,51,64,2,121,0
3,88,199,4,330,1
20,87,33,2,420,1
46,39,2,1,313,1
15,72,18,1,353,1
25,73,175,3,71,0
30,5,161,2,309,1
14,72,84,1,412,1
7,16,35,4,452,1
17,64,179,0,145,0
44,31,114,0,64,0
20,60,146,2,117,0
36,27,110,3,312,1
9,29,88,4,267,1
38,25,72,2,262,1
48,65,125,0,231,1
57,67,30,2,487,1
22,56,172,4,378,1
54,92,53,1,176,0
53,29,138,4,438,1
53,59,87,1,169,0
2,50,180,1,458,1
24,36,177,1,175,1
8,59,139,2,214,1
11,9,194,0,276,1
13,40,186,2,147,1
17,53,164,0,377,1
8,62,161,4,452,1
21,43,175,3,355,1
18,84,13,4,257,1
30,89,40,2,64,0
18,65,89,2,413,1
46,13,68,0,218,1
47,10,42,2,26,0
31,39,147,1,77,0
38,43,94,2,142,1
32,26,19,0,197,1
11,45,186,0,416,1
45,9,23,1,439,1
25,46,54,0,317,1
33,91,65,3,147,0
38,85,140,4,183,1
41,80,24,2,421,1
8,91,34,3,106,0
11,84,53,2,180,0
22,71,136,3,163,0
51,34,18,2,192,1
24,61,57,1,251,1
41,90,112,0,313,1
17,77,5,0,294,1
12,33,154,1,36,0
57,41,158,3,411,1
46,91,182,4,369,1
32,17,13,3,69,1
15,36,83,0,211,1
16,50,29,4,259,1
54,27,3,2,371,1
22,49,90,4,78,1
28,21,104,3,467,1
20,89,123,1,379,1
33,70,186,2,30,0
10,10,76,3,161,1
40,22,130,2,111,1
32,98,108,4,396,1
50,26,156,0,497,1
33,37,82,3,104,0
2,34,77,1,455,1
33,85,2,4,370,1
33,36,127,3,238,1
41,46,135,1,134,0
13,82,26,3,267,1
30,14,88,4,331,1
33,40,16,3,496,1
13,38,151,2,378,1
52,77,168,4,435,1
26,32,188,3,245,1
22,15,73,0,171,1
39,82,32,3,51,0
2,43,15,2,285,1
38,51,141,1,362,1
39,23,5,1,77,1
26,19,74,1,182,1
46,32,52,0,340,1
58,28,77,2,134,1
50,76,169,4,179,1
15,13,181,1,56,1
34,51,110,2,270,1
42,37,178,3,226,1
55,66,143,0,314,1
44,23,106,2,133,1
49,71,127,2,302,1
40,78,7,4,171,1
11,44,40,2,210,1
3,51,156,4,463,1
59,69,160,0,411,1
6,33,99,0,471,1
9,54,143,3,284,1
6,17,85,4,215,1
9,5,198,4,49,1
39,38,65,1,282,1
31,97,132,1,197,0
32,52,11,3,364,1
41,81,108,0,102,0
50,52,26,1,51,0
12,53,189,2,474,1
8,68,165,0,388,1
8,65,151,2,116,0
50,33,85,4,337,1
28,43,168,0,74,0
20,92,151,3,374,1
47,30,123,4,318,1
59,21,144,4,493,1
7,75,189,2,144,0
11,17,68,4,398,1
20,73,104,1,33,0
16,30,80,0,37,0
4,53,159,1,71,0
6,71,53,2,282,1
58,11,106,2,238,1
22,62,153,0,29,0
26,53,44,4,12,1
3,57,140,3,430,1
41,69,90,2,227,1
42,66,101,0,408,1
14,21,97,3,316,1
11,47,9,4,441,1
18,29,12,2,145,1
54,7,69,0,406,1
12,83,182,0,441,1
23,33,182,0,12,0
12,36,28,2,202,1
13,30,56,3,82,0
25,20,99,0,424,1
45,29,197,4,370,1
51,58,110,0,127,0
58,32,77,3,163,1
19,77,103,2,218,0
55,60,106,0,449,1
46,69,109,0,43,0
36,97,112,4,146,1
45,90,58,4,327,1
8,84,78,0,129,0
29,45,75,0,124,0
55,55,42,4,22,1
53,75,166,3,78,0
55,82,68,1,434,1
32,33,181,1,342,1
51,87,33,0,266,1
44,23,71,4,98,1
18,70,56,2,56,0
6,45,105,2,269,1
18,49,101,1,237,1
19,19,51,3,456,1
22,7,74,1,189,1
37,15,171,0,19,0
32,57,121,3,293,1
56,50,143,2,386,1
41,34,166,4,135,1
59,61,143,4,143,1
3,22,5,0,164,1
28,55,83,1,257,1
10,52,182,0,149,0
51,70,51,4,327,1
35,12,10,2,445,1
29,26,140,4,185,1
54,10,4,3,332,1
15,80,95,4,183,1
33,61,146,4,490,1
7,40,80,3,83,0
12,83,36,1,360,1
49,96,25,4,152,1
30,61,98,0,464,1
21,53,164,4,301,1
31,49,101,0,407,1
58,86,195,3,121,0
24,70,9,4,215,1
20,81,61,3,140,0
37,49,53,3,378,1
4,83,146,1,119,0
28,24,171,4,379,1
44,68,163,0,76,0
20,97,63,0,391,1
24,97,121,4,95,1
50,71,105,1,284,1
49,87,4,1,236,0
51,7,93,1,469,1
32,58,169,0,447,1
41,82,173,3,334,1
36,68,178,1,19,0
58,44,28,0,498,1
53,63,170,0,426,1
34,59,80,3,406,1
36,66,76,4,393,1
2,8,116,4,364,1
15,64,69,1,444,1
34,79,98,1,297,1
36,99,1,3,468,1
6,95,167,1,121,0
39,34,96,3,495,1
42,6,17,0,33,1
51,66,112,1,300,1
51,53,91,0,348,1
58,13,88,2,335,1
54,96,163,3,177,0
12,35,174,2,447,1
3,65,170,1,118,0
45,83,167,0,437,1
18,52,90,1,199,1
40,29,49,2,499,1
21,40,190,1,364,1
15,12,38,4,205,1
33,77,151,2,42,0
35,62,150,1,214,1
26,49,132,0,321,1
8,66,177,1,429,1
36,43,59,0,191,1
48,62,68,4,156,1
30,85,199,1,436,1
23,87,130,4,277,1
42,68,49,2,20,0
44,48,126,0,79,0
14,33,159,2,265,1
14,63,111,0,405,1
2,75,168,4,228,1
55,96,48,3,306,1
37,13,51,1,418,1
5,96,43,4,371,1
38,10,98,0,268,1
45,33,183,0,12,0
41,62,177,0,93,0
54,21,124,0,165,1
47,20,80,1,160,1
14,91,185,2,185,0
56,99,111,3,204,0
39,7,143,1,435,1
25,25,27,0,481,1
20,68,196,1,116,0
2,94,192,4,433,1
39,40,158,0,143,1
6,90,164,3,285,1
17,66,195,0,404,1
59,46,113,3,361,1
25,80,86,3,389,1
57,46,114,2,164,1
28,65,124,2,286,1
2,17,49,1,245,1
35,15,76,1,249,1
37,58,55,3,379,1
5,20,56,0,22,0
1,12,196,4,351,1
40,63,95,4,44,1
12,61,44,0,56,0
56,44,159,0,223,1
36,63,186,2,421,1
45,6,87,4,414,1
23,98,181,3,155,0
47,98,84,1,168,0
31,80,151,2,453,1
11,14,156,4,134,1
10,48,16,0,119,0
3,15,165,4,46,1
54,83,149,3,286,1
14,84,145,2,23,0
16,85,37,0,482,1
10,94,77,3,356,1
29,6,147,1,241,1
10,54,158,2,325,1
12,16,45,3,133,1
30,94,146,3,288,1
41,27,62,0,488,1
1,22,164,1,120,1
5,66,100,3,133,0
20,66,52,2,422,1
8,42,19,3,440,1
43,71,109,4,39,1
12,42,44,2,124,0
1,71,7,2,99,0
57,98,172,3,221,0
54,65,117,0,47,0
20,5,68,2,92,1
28,98,34,4,36,1
57,49,194,0,226,1
43,32,69,0,369,1
37,25,55,0,495,1
47,17,10,2,381,1
37,31,42,0,224,1
12,11,41,3,230,1
37,26,197,0,24,0
49,78,122,4,452,1
49,57,138,1,268,1
56,83,10,4,275,1
44,83,102,2,472,1
56,8,188,0,129,1
28,27,128,0,473,1
47,74,179,3,410,1
15,92,149,0,137,0
6,88,136,4,220,1
44,88,193,2,20,0
59,80,92,1,185,0
20,37,113,0,142,1
50,32,78,1,334,1
14,12,85,0,329,1
2,5,30,2,23,1
9,41,49,4,59,1
37,67,9,2,419,1
20,26,145,1,81,1
26,74,69,0,78,0
29,25,58,1,400,1
1,39,185,4,392,1
55,83,62,2,25,0
35,9,52,1,448,1
6,64,189,1,343,1
37,50,40,4,366,1
53,54,166,0,65,0
59,52,171,1,114,0
5,10,63,4,141,1
33,93,147,0,493,1
49,60,50,0,57,0
51,63,161,2,257,1
14,33,141,4,282,1
12,75,78,0,120,0
42,81,97,2,429,1
20,22,190,3,335,1
53,6,43,4,345,1
50,12,177,3,358,1
24,79,36,0,493,1
59,58,122,4,47,1
43,42,108,2,366,1
34,52,10,0,249,1
25,31,95,4,327,1
50,24,6,4,130,1
29,16,57,3,57,1
57,47,129,0,19,0
39,65,71,2,242,1
31,35,186,2,45,0
56,95,21,0,422,1
47,65,92,0,471,1
43,78,127,1,13,0
50,71,80,3,53,0
23,95,56,0,65,0
44,39,116,0,51,0
38,99,148,1,264,0
20,19,182,1,237,1
23,20,25,4,123,1
45,17,156,2,246,1
52,39,5,3,406,1
16,79,120,4,183,1
50,63,21,0,264,1
42,25,18,1,475,1
55,58,175,2,426,1
8,79,198,4,286,1
50,34,57,2,473,1
21,52,93,1,344,1
1,39,19,4,450,1
55,90,128,4,78,1
8,42,97,2,335,1
29,35,193,1,239,1
32,82,131,0,76,0
38,28,170,4,313,1
5,53,21,0,469,1
47,36,40,1,493,1
22,59,67,4,426,1
47,83,153,4,45,1
34,62,127,0,426,1
1,7,55,3,168,1
55,84,180,0,158,0
55,73,172,0,36,0
26,89,109,3,484,1
43,14,98,1,81,1
10,87,184,1,257,0
30,29,183,4,110,1
50,72,112,2,199,0
18,65,198,2,105,0
17,33,115,4,393,1
26,23,117,2,291,1
8,47,87,0,331,1
47,70,81,0,405,1
40,78,66,3,287,1
49,65,19,3,26,0
12,47,135,4,272,1
27,29,118,4,116,1
8,24,191,4,77,1
25,52,42,0,137,0
46,87,42,2,302,1
4,91,59,4,303,1
33,28,20,4,105,1
1,15,73,0,404,1
19,59,17,0,10,0
31,32,27,0,418,1
16,73,175,2,307,1
14,67,2,4,189,1
53,63,63,1,417,1
48,9,62,1,190,1
5,55,100,4,244,1
41,25,19,4,449,1
26,16,17,4,328,1
28,54,69,4,346,1
2,8,167,2,17,0
50,46,117,1,452,1
6,88,199,3,438,1
9,42,81,1,36,0
33,29,39,1,317,1
41,18,36,0,155,1
25,79,168,4,100,1
48,36,173,4,351,1
13,15,132,4,281,1
9,65,153,0,331,1
53,22,197,2,14,0
13,31,158,2,91,0
31,59,196,3,396,1
41,58,29,2,228,1
11,86,196,2,127,0
4,91,51,4,90,1
34,79,152,1,473,1
38,25,14,2,79,1
46,48,69,2,124,0
4,9,146,0,272,1
38,91,170,3,315,1
19,45,57,0,151,1
6,63,12,4,431,1
34,93,17,1,497,1
18,58,30,3,216,1
13,78,88,0,120,0
41,26,99,2,312,1
23,87,23,2,121,0
19,69,129,3,426,1
45,68,79,2,52,0
11,75,32,0,356,1
1,8,9,0,294,1
24,69,15,2,137,0
54,19,156,2,194,1
7,80,152,4,238,1
25,26,188,1,398,1
21,90,163,3,230,0
15,51,27,0,361,1
1,85,109,3,453,1
12,97,76,4,126,1
58,50,148,0,79,0
7,18,65,4,395,1
15,54,177,4,79,1
21,24,109,2,119,1
19,54,129,3,436,1
29,37,10,3,141,1
25,63,47,2,65,0
33,47,123,3,486,1
49,83,59,2,452,1
32,16,96,0,98,1
49,44,190,4,146,1
35,24,103,4,140,1
44,98,124,3,227,0
38,42,86,1,185,1
26,7,146,4,180,1
11,32,112,2,484,1
35,60,174,1,109,0
8,94,160,1,489,1
46,98,27,4,138,1
14,17,18,4,66,1
10,81,167,4,190,1
2,70,177,2,255,1
46,41,82,1,153,1
9,53,172,3,60,0
3,70,72,2,377,1
21,40,54,0,468,1
26,58,162,4,227,1
8,30,71,1,113,1
48,79,164,2,392,1
2,76,146,0,64,0
6,44,38,2,266,1
28,47,187,2,355,1
53,26,137,3,165,1
29,24,179,3,62,0
26,12,35,2,451,1
25,33,82,0,338,1
12,44,133,1,453,1
5,94,142,1,196,0
34,34,158,4,373,1
48,85,4,4,159,1
37,88,167,1,273,1
15,59,192,2,259,1
44,20,153,2,442,1
36,50,156,3,307,1
15,66,194,3,420,1
43,11,150,4,432,1
48,84,159,1,220,0
23,49,23,2,34,0
6,63,48,1,303,1
46,60,148,0,350,1
50,52,125,1,161,1
44,31,166,0,33,0
59,57,55,3,261,1
43,91,68,3,69,0
45,92,88,4,476,1
21,77,1,1,443,1
23,39,135,1,376,1
43,55,185,0,75,0
55,88,95,3,407,1
16,41,140,0,62,0
47,85,106,3,425,1
53,99,133,0,115,0
15,61,108,3,105,0
25,12,178,0,485,1
36,83,42,3,185,0
11,99,102,0,48,0
51,98,124,1,177,0
15,24,140,4,51,1
4,57,103,0,376,1
21,16,146,4,113,1
13,53,194,1,342,1
22,21,74,1,213,1
19,68,108,3,17,0
34,46,122,4,472,1
14,98,17,2,291,0
4,33,196,3,405,1
48,23,71,4,52,1
53,15,62,0,444,1
52,54,41,0,119,0
46,75,119,1,484,1
27,62,162,2,219,1
29,38,198,0,246,1
47,24,45,4,365,1
28,54,58,4,328,1
35,92,179,0,58,0
8,14,126,4,124,1
16,36,162,4,164,1
42,56,44,1,146,0
36,19,15,2,176,1
30,88,78,1,330,1
18,7,70,2,208,1
2,41,178,4,483,1
49,44,101,2,80,0
13,76,160,4,16,1
4,44,195,4,209,1
26,60,3,1,345,1
25,27,86,1,76,0
30,15,74,3,147,1
11,68,51,0,251,1
7,12,67,3,464,1
31,97,76,3,222,0
44,98,93,2,190,0
10,60,176,4,263,1
39,64,145,4,110,1
13,14,7,4,360,1
31,43,13,0,96,0
7,32,120,2,194,1
56,53,66,2,100,0
49,40,4,4,257,1
42,17,138,3,223,1
42,40,88,0,368,1
56,30,17,3,258,1
36,90,52,1,135,0
20,8,134,2,420,1
4,99,69,2,447,1
54,86,137,3,378,1
7,68,21,0,13,0
54,42,24,2,97,0
1,92,4,3,160,0
44,91,152,0,185,0
56,26,187,3,220,1
45,6,3,0,435,1
42,35,68,4,268,1
47,15,101,0,100,1
59,96,168,1,268,0
13,50,176,4,421,1
55,66,54,3,200,1
22,73,35,4,90,1
54,68,56,4,424,1
21,14,108,3,147,1
22,44,40,3,442,1
28,28,68,1,479,1
9,48,46,3,359,1
26,64,78,2,135,0
9,66,141,2,378,1
15,91,155,1,414,1
10,21,6,0,365,1
24,69,17,0,318,1
58,99,164,2,352,1
57,99,99,3,239,0
42,61,81,1,469,1
8,59,2,0,354,1
24,57,77,0,319,1
16,60,180,4,450,1
49,13,66,2,29,0
26,26,52,3,378,1
27,17,92,1,58,1
37,93,171,0,499,1
4,52,22,4,144,1
50,22,111,2,38,0
24,80,107,2,57,0
19,44,183,1,486,1
36,21,67,0,278,1
39,19,188,1,12,0
10,19,186,1,267,1
25,83,140,4,25,1
18,67,69,2,103,0
19,43,84,3,367,1
36,17,103,2,143,1
10,85,39,2,310,1
33,36,13,4,336,1
55,13,41,3,142,1
50,44,57,0,321,1
5,24,181,3,464,1
47,94,12,0,491,1
49,95,13,3,392,1
35,89,120,1,41,0
44,86,97,3,314,1
34,81,57,4,278,1
33,84,40,0,423,1
55,77,118,2,34,0
21,67,80,4,478,1
17,80,128,0,325,1
22,48,173,0,68,0
48,42,35,2,222,1
37,87,3,1,165,0
15,64,120,4,323,1
35,75,5,2,285,1
28,52,11,2,427,1
7,22,126,1,398,1
32,20,71,4,219,1
11,59,117,2,453,1
10,43,184,1,496,1
9,72,138,4,436,1
14,63,106,3,66,0
13,93,116,0,194,0
57,66,162,1,468,1
25,17,67,0,63,1
2,85,31,3,218,0
35,10,75,2,377,1
7,87,71,2,438,1
21,81,66,4,351,1
18,64,70,1,302,1
3,94,41,1,349,1
42,18,191,4,313,1
54,99,160,0,261,0
39,58,20,2,383,1
41,8,185,2,447,1
49,43,178,1,313,1
11,76,153,1,121,0
39,29,140,4,375,1
24,81,199,3,15,0
46,36,39,0,427,1
19,63,145,3,200,1
4,67,45,3,343,1
26,42,139,1,441,1
38,96,70,1,288,0
42,57,125,1,391,1
32,98,151,3,349,1
39,71,91,0,22,0
45,32,70,1,312,1
46,7,166,2,53,1
36,84,130,0,114,0
40,26,84,2,169,1
37,42,89,0,163,1
33,76,79,1,251,1
36,76,113,4,190,1
3,66,93,1,23,0
9,61,72,3,189,1
8,10,165,3,386,1
33,82,49,0,301,1
59,36,52,3,273,1
6,14,33,1,177,1
41,7,22,2,223,1
39,63,114,1,159,0
4,80,133,0,25,0
13,53,18,3,100,0
49,63,166,2,129,0
2,35,118,4,453,1
5,97,117,2,262,0
44,73,37,2,69,0
27,66,64,1,275,1
32,56,138,4,418,1
21,93,79,0,40,0
8,45,170,0,30,0
38,35,123,2,228,1
8,89,176,2,90,0
50,88,44,3,298,1
3,26,82,4,40,1
54,8,87,2,243,1
44,17,16,3,483,1
58,49,54,4,414,1
3,46,102,0,45,0
22,53,163,3,458,1
6,24,98,4,141,1
2,81,156,3,333,1
23,85,2,2,355,1
44,58,94,1,141,0
2,40,141,0,18,0
38,5,169,2,39,1
17,19,59,2,124,1
35,81,69,4,310,1
34,21,119,3,13,0
23,28,92,0,334,1
30,62,181,2,246,1
52,76,45,4,32,1
8,95,148,0,25,0
22,27,24,3,31,0
44,50,189,2,494,1
58,76,91,2,81,0
36,12,94,2,313,1
5,63,58,0,455,1
13,94,155,0,490,1
29,63,154,0,453,1
31,17,128,0,239,1
47,43,7,4,116,1
57,32,170,1,217,1
55,93,47,4,398,1
16,65,53,2,217,1
42,20,187,4,272,1
30,6,38,3,60,1
57,86,197,0,74,0
55,21,53,3,274,1
16,34,143,3,347,1
12,17,154,2,310,1
17,97,48,0,387,1
16,98,95,3,184,0
12,86,147,2,460,1
